inventory_id,hospital_id,medication_id,current_stock,minimum_stock
2675,23,13,96997,50000
283,3,41,97454,50000
2416,20,117,94182,50000
957,8,110,94837,50000
169,2,48,82316,50000
649,6,44,51960,50000
1482,13,30,83932,50000
2500,21,80,70784,50000
203,2,82,51744,50000
2412,20,113,85448,50000
2725,23,63,79105,50000
71,1,71,90740,50000
2475,21,55,95116,50000
1335,12,4,89356,50000
767,7,41,54070,50000
1318,11,108,91743,50000
2639,22,98,95110,50000
1842,16,27,97120,50000
1804,15,110,95411,50000
148,2,27,95847,50000
1835,16,20,99655,50000
327,3,85,96947,50000
1831,16,16,90017,50000
1841,16,26,99795,50000
323,3,81,91602,50000
1854,16,39,85190,50000
1855,16,40,93770,50000
324,3,82,98676,50000
1823,16,8,94625,50000
1802,15,108,98714,50000
1820,16,5,98230,50000
1837,16,22,88118,50000
1850,16,35,90278,50000
1840,16,25,95121,50000
1799,15,105,92728,50000
1838,16,23,89333,50000
1833,16,18,86465,50000
1830,16,15,95262,50000
1828,16,13,95846,50000
146,2,25,99689,50000
1800,15,106,70107,50000
320,3,78,76785,50000
1846,16,31,79031,50000
153,2,32,81144,50000
1839,16,24,79329,50000
1808,15,114,61870,50000
1849,16,34,74061,50000
1859,16,44,69762,50000
149,2,28,81603,50000
1858,16,43,66628,50000
150,2,29,83363,50000
1827,16,12,78382,50000
1832,16,17,64350,50000
1848,16,33,60482,50000
1825,16,10,75773,50000
1801,15,107,82966,50000
1806,15,112,57535,50000
1829,16,14,74459,50000
1805,15,111,56564,50000
325,3,83,64175,50000
1857,16,42,52800,50000
1852,16,37,52003,50000
322,3,80,71698,50000
1798,15,104,72128,50000
1856,16,41,58478,50000
1803,15,109,64939,50000
1844,16,29,58310,50000
147,2,26,51713,50000
328,3,86,54357,50000
1826,16,11,54392,50000
1853,16,38,61304,50000
326,3,84,61729,50000
318,3,76,52542,50000
1822,16,7,78816,50000
1843,16,28,79026,50000
1845,16,30,70007,50000
1836,16,21,56633,50000
321,3,79,75421,50000
152,2,31,77168,50000
319,3,77,52396,50000
981,9,13,56979,50000
1824,16,9,55259,50000
1851,16,36,54617,50000
151,2,30,52891,50000
1374,12,43,95140,50000
2009,17,73,57607,50000
2028,17,92,69804,50000
2464,21,44,56320,50000
2627,22,86,52525,50000
2108,18,51,50515,50000
497,5,13,54105,50000
2642,22,101,56650,50000
2616,22,75,61302,50000
484,4,121,59662,50000
2695,23,33,63091,50000
2727,23,65,51197,50000
2018,17,82,53282,50000
2023,17,87,59414,50000
1996,17,60,50335,50000
1997,17,61,63561,50000
2005,17,69,57523,50000
2026,17,90,53688,50000
1999,17,63,63794,50000
1186,10,97,90740,50000
2533,21,113,98820,50000
2641,22,100,97860,50000
1716,15,22,98252,50000
2021,17,85,97346,50000
2655,22,114,92079,50000
2007,17,71,97308,50000
486,5,2,91720,50000
2022,17,86,93397,50000
341,3,99,90208,50000
504,5,20,95281,50000
2662,22,121,95212,50000
1025,9,57,89574,50000
2016,17,80,93381,50000
2001,17,65,87593,50000
2024,17,88,99379,50000
498,5,14,100146,50000
2517,21,97,66872,50000
511,5,27,70420,50000
289,3,47,64792,50000
59,1,59,94552,50000
3002,25,98,66514,50000
612,6,7,97283,50000
890,8,43,53261,50000
1117,10,28,87297,50000
1322,11,112,76473,50000
82,1,82,68317,50000
398,4,35,72639,50000
1253,11,43,87192,50000
2791,24,8,64553,50000
2872,24,89,84736,50000
2926,25,22,84848,50000
2842,24,59,65147,50000
2917,25,13,59340,50000
304,3,62,62499,50000
259,3,17,82327,50000
1359,12,28,50907,50000
308,3,66,62524,50000
2886,24,103,74648,50000
714,6,109,59186,50000
40,1,40,76369,50000
1657,14,84,59719,50000
2462,21,42,69359,50000
2383,20,84,79294,50000
2953,25,49,85893,50000
1661,14,88,60819,50000
2736,23,74,69478,50000
568,5,84,79043,50000
628,6,23,72581,50000
592,5,108,70946,50000
693,6,88,71582,50000
648,6,43,62979,50000
856,8,9,83040,50000
791,7,65,69476,50000
1013,9,45,64446,50000
977,9,9,70238,50000
1234,11,24,82437,50000
1269,11,59,60960,50000
1380,12,49,65468,50000
1523,13,71,74759,50000
1569,13,117,62937,50000
1567,13,115,69260,50000
118,1,118,95039,50000
275,3,33,90547,50000
51,1,51,89729,50000
443,4,80,96581,50000
1039,9,71,87400,50000
1060,9,92,88428,50000
1116,10,27,90610,50000
1413,12,82,94290,50000
1558,13,106,89205,50000
1648,14,75,93044,50000
2774,23,112,96900,50000
2721,23,59,66182,50000
2686,23,24,51589,50000
2164,18,107,89715,50000
2178,18,121,96885,50000
2165,18,108,95041,50000
1188,10,99,94838,50000
264,3,22,91673,50000
2183,19,5,90936,50000
2157,18,100,91150,50000
2186,19,8,93529,50000
2163,18,106,91748,50000
1938,17,2,96537,50000
2144,18,87,91694,50000
265,3,23,95628,50000
2155,18,98,83405,50000
2154,18,97,98616,50000
2184,19,6,88994,50000
2776,23,114,88825,50000
2149,18,92,84441,50000
2185,19,7,91033,50000
2147,18,90,92842,50000
1027,9,59,85418,50000
2150,18,93,87924,50000
2182,19,4,91490,50000
2123,18,66,85122,50000
266,3,24,77339,50000
2180,19,2,72943,50000
2179,19,1,72177,50000
2143,18,86,67641,50000
2145,18,88,71671,50000
2170,18,113,78439,50000
1742,15,48,78002,50000
2175,18,118,77183,50000
33,1,33,80372,50000
2153,18,96,57623,50000
865,8,18,77616,50000
1350,12,19,67735,50000
2181,19,3,78180,50000
2151,18,94,80426,50000
2169,18,112,81956,50000
2171,18,114,68261,50000
2443,21,23,69551,50000
263,3,21,72838,50000
2152,18,95,73453,50000
2172,18,115,70134,50000
112,1,112,61905,50000
2162,18,105,63174,50000
2603,22,62,60344,50000
2189,19,11,72072,50000
2156,18,99,81255,50000
2173,18,116,55393,50000
1546,13,94,64495,50000
656,6,51,57931,50000
143,2,22,52072,50000
2158,18,101,66076,50000
408,4,45,58254,50000
2160,18,103,53861,50000
234,2,113,57374,50000
2146,18,89,51806,50000
2166,18,109,58108,50000
2167,18,110,59434,50000
2168,18,111,61892,50000
2190,19,12,53273,50000
2176,18,119,53664,50000
2177,18,120,52745,50000
2283,19,105,51639,50000
2159,18,102,52256,50000
2188,19,10,53326,50000
2746,23,84,62867,50000
2205,19,27,72486,50000
2199,19,21,88283,50000
2195,19,17,94142,50000
2196,19,18,86014,50000
2202,19,24,98137,50000
2375,20,76,89631,50000
2364,20,65,88604,50000
93,1,93,98167,50000
2388,20,89,85904,50000
2362,20,63,95784,50000
2363,20,64,84500,50000
371,4,8,95462,50000
107,1,107,99858,50000
2378,20,79,96983,50000
2390,20,91,91641,50000
2358,20,59,83280,50000
2391,20,92,95019,50000
96,1,96,94189,50000
2389,20,90,83519,50000
98,1,98,97367,50000
2369,20,70,81598,50000
2377,20,78,75865,50000
91,1,91,62553,50000
90,1,90,89486,50000
2366,20,67,79767,50000
2361,20,62,69342,50000
2372,20,73,68138,50000
2359,20,60,73028,50000
2387,20,88,67887,50000
99,1,99,67650,50000
2380,20,81,68220,50000
106,1,106,70295,50000
101,1,101,73122,50000
95,1,95,69998,50000
2367,20,68,66953,50000
2365,20,66,68582,50000
2393,20,94,57149,50000
2376,20,77,63278,50000
97,1,97,59831,50000
111,1,111,53501,50000
2379,20,80,56867,50000
2392,20,93,56285,50000
2373,20,74,78837,50000
105,1,105,55830,50000
108,1,108,58370,50000
2382,20,83,61823,50000
2360,20,61,59870,50000
103,1,103,63539,50000
89,1,89,64410,50000
2381,20,82,60668,50000
104,1,104,58420,50000
87,1,87,52415,50000
100,1,100,53967,50000
2384,20,85,60687,50000
110,1,110,55235,50000
109,1,109,53467,50000
2394,20,95,55370,50000
88,1,88,61121,50000
86,1,86,53607,50000
94,1,94,52001,50000
2385,20,86,74387,50000
2386,20,87,81447,50000
2368,20,69,61113,50000
102,1,102,97883,50000
2356,20,57,93335,50000
92,1,92,88840,50000
2374,20,75,96897,50000
2395,20,96,92962,50000
2371,20,72,81916,50000
520,5,36,70104,50000
2407,20,108,57038,50000
2413,20,114,53194,50000
2402,20,103,78661,50000
2406,20,107,63106,50000
2397,20,98,92194,50000
2403,20,104,87785,50000
512,5,28,56299,50000
2578,22,37,64095,50000
2569,22,28,62574,50000
2584,22,43,66437,50000
2576,22,35,95122,50000
2585,22,44,99269,50000
142,2,21,58416,50000
2742,23,80,58964,50000
2734,23,72,63708,50000
2740,23,78,74058,50000
2733,23,71,68546,50000
2731,23,69,98182,50000
2932,25,28,50083,50000
244,3,2,61515,50000
1183,10,94,54271,50000
3011,25,107,67542,50000
3010,25,106,87107,50000
2933,25,29,88654,50000
604,5,120,57482,50000
2880,24,97,62570,50000
1505,13,53,57910,50000
1345,12,14,67275,50000
813,7,87,68900,50000
176,2,55,79994,50000
1886,16,71,69979,50000
1184,10,95,96840,50000
2884,24,101,55595,50000
85,1,85,54454,50000
2889,24,106,56604,50000
278,3,36,55086,50000
279,3,37,99191,50000
2885,24,102,87184,50000
2890,24,107,99781,50000
2879,24,96,51152,50000
1968,17,32,64718,50000
1967,17,31,80957,50000
1611,14,38,78045,50000
525,5,41,79630,50000
1598,14,25,72111,50000
2828,24,45,88743,50000
554,5,70,62892,50000
2286,19,108,99822,50000
505,5,21,50197,50000
1979,17,43,80066,50000
1984,17,48,85169,50000
2601,22,60,72895,50000
494,5,10,72045,50000
3015,25,111,69473,50000
1980,17,44,79422,50000
1814,15,120,68047,50000
1963,17,27,79599,50000
1959,17,23,70781,50000
1903,16,88,73226,50000
211,2,90,68537,50000
501,5,17,76439,50000
491,5,7,95648,50000
493,5,9,89569,50000
495,5,11,94236,50000
499,5,15,88816,50000
503,5,19,99239,50000
1962,17,26,99937,50000
1960,17,24,96786,50000
502,5,18,98432,50000
1987,17,51,92377,50000
1982,17,46,99821,50000
500,5,16,85743,50000
877,8,30,96172,50000
1284,11,74,87695,50000
2281,19,103,92560,50000
482,4,119,98294,50000
490,5,6,88977,50000
2441,21,21,98169,50000
483,4,120,85442,50000
489,5,5,91952,50000
421,4,58,61617,50000
1981,17,45,50527,50000
1977,17,41,53036,50000
1965,17,29,50053,50000
716,6,111,67645,50000
185,2,64,60431,50000
2135,18,78,62670,50000
1961,17,25,65347,50000
179,2,58,56391,50000
555,5,71,54025,50000
488,5,4,61462,50000
492,5,8,61403,50000
485,5,1,51073,50000
1989,17,53,56270,50000
496,5,12,53628,50000
2095,18,38,73919,50000
1881,16,66,71263,50000
1874,16,59,76953,50000
157,2,36,51376,50000
1904,16,89,54419,50000
1870,16,55,53233,50000
1703,15,9,84099,50000
178,2,57,85076,50000
1878,16,63,77154,50000
1975,17,39,60854,50000
1915,16,100,95078,50000
2440,21,20,91577,50000
156,2,35,99016,50000
392,4,29,97543,50000
1880,16,65,95958,50000
1943,17,7,102635,50000
2148,18,91,95177,50000
1908,16,93,90782,50000
154,2,33,91113,50000
617,6,12,92639,50000
1877,16,62,89454,50000
2760,23,98,90887,50000
1872,16,57,96785,50000
1882,16,67,99259,50000
1024,9,56,99230,50000
1495,13,43,99374,50000
1816,16,1,58758,50000
1935,16,120,64597,50000
1918,16,103,63045,50000
1926,16,111,63399,50000
1871,16,56,56238,50000
826,7,100,55480,50000
1346,12,15,62659,50000
1946,17,10,67038,50000
1942,17,6,68842,50000
1507,13,55,55421,50000
1883,16,68,52184,50000
1185,10,96,56025,50000
1947,17,11,58330,50000
1875,16,60,67189,50000
1899,16,84,78558,50000
1930,16,115,78391,50000
1864,16,49,76679,50000
1879,16,64,78206,50000
159,2,38,84919,50000
1876,16,61,61780,50000
1653,14,80,63666,50000
336,3,94,76691,50000
342,3,100,84567,50000
349,3,107,90336,50000
177,2,56,99722,50000
580,5,96,50952,50000
389,4,26,62771,50000
581,5,97,52114,50000
584,5,100,95486,50000
579,5,95,97627,50000
576,5,92,84873,50000
2077,18,20,55027,50000
743,7,17,60275,50000
746,7,20,52748,50000
749,7,23,50528,50000
741,7,15,63788,50000
1906,16,91,65883,50000
924,8,77,52473,50000
913,8,66,65451,50000
917,8,70,95474,50000
909,8,62,93822,50000
2017,17,81,51493,50000
1074,9,106,60223,50000
1090,10,1,58354,50000
1076,9,108,68753,50000
1092,10,3,61906,50000
1091,10,2,81902,50000
1256,11,46,58040,50000
552,5,68,54230,50000
1250,11,40,66543,50000
1244,11,34,62663,50000
1262,11,52,95848,50000
521,5,37,53633,50000
1423,12,92,60983,50000
1431,12,100,76592,50000
1443,12,112,76358,50000
1420,12,89,86909,50000
1575,14,2,53918,50000
1588,14,15,54173,50000
347,3,105,60422,50000
1586,14,13,54995,50000
1581,14,8,62152,50000
1579,14,6,57977,50000
1752,15,58,92244,50000
1748,15,54,87822,50000
1779,15,85,89039,50000
1783,15,89,88981,50000
1792,15,98,95549,50000
1741,15,47,90803,50000
1791,15,97,98490,50000
1746,15,52,92428,50000
2265,19,87,99885,50000
1761,15,67,98203,50000
1762,15,68,95418,50000
1793,15,99,85634,50000
1776,15,82,90702,50000
1778,15,84,96333,50000
1750,15,56,96676,50000
1782,15,88,98273,50000
1767,15,73,95404,50000
1751,15,57,90197,50000
1775,15,81,58056,50000
1772,15,78,79296,50000
3025,25,121,65774,50000
2939,25,35,86594,50000
2438,21,18,64672,50000
1763,15,69,65305,50000
787,7,61,68143,50000
1747,15,53,69839,50000
1765,15,71,67982,50000
1343,12,12,73212,50000
1766,15,72,77024,50000
1789,15,95,68737,50000
2069,18,12,66984,50000
1756,15,62,61557,50000
1796,15,102,65361,50000
1787,15,93,94132,50000
996,9,28,96978,50000
1785,15,91,84100,50000
1773,15,79,57026,50000
1745,15,51,75893,50000
1788,15,94,57013,50000
1744,15,50,91812,50000
2758,23,96,95805,50000
544,5,60,58618,50000
1777,15,83,94153,50000
1769,15,75,94410,50000
1753,15,59,97321,50000
1743,15,49,98029,50000
1780,15,86,66517,50000
1749,15,55,65729,50000
1758,15,64,52056,50000
1771,15,77,52187,50000
2938,25,34,59646,50000
1873,16,58,58065,50000
1795,15,101,50756,50000
1797,15,103,59495,50000
1770,15,76,59480,50000
1760,15,66,56603,50000
578,5,94,55139,50000
1786,15,92,57054,50000
2598,22,57,51509,50000
1504,13,52,62404,50000
1759,15,65,69382,50000
1774,15,80,67999,50000
1754,15,60,60166,50000
1757,15,63,56581,50000
1182,10,93,56436,50000
1784,15,90,61154,50000
1677,14,104,54157,50000
1764,15,70,56196,50000
1790,15,96,52034,50000
187,2,66,93899,50000
407,4,44,94632,50000
464,4,101,67707,50000
2336,20,37,97605,50000
2562,22,21,57268,50000
729,7,3,59401,50000
685,6,80,52774,50000
2728,23,66,56367,50000
855,8,8,60330,50000
3,1,3,52230,50000
248,3,6,59727,50000
645,6,40,52169,50000
900,8,53,53550,50000
43,1,43,62431,50000
1008,9,40,53995,50000
1978,17,42,78389,50000
2964,25,60,80853,50000
1065,9,97,91146,50000
444,4,81,95996,50000
955,8,108,99068,50000
799,7,73,56926,50000
667,6,62,90975,50000
950,8,103,99745,50000
880,8,33,97949,50000
1252,11,42,57205,50000
1077,9,109,54139,50000
958,8,111,53800,50000
1241,11,31,83251,50000
1122,10,33,77462,50000
1418,12,87,99340,50000
1200,10,111,54644,50000
2045,17,109,61866,50000
1995,17,59,58965,50000
2039,17,103,51865,50000
2048,17,112,56293,50000
1994,17,58,83073,50000
1992,17,56,74068,50000
643,6,38,65675,50000
1990,17,54,81725,50000
2040,17,104,66151,50000
2041,17,105,73948,50000
2044,17,108,99827,50000
1157,10,68,61637,50000
2049,17,113,52349,50000
1290,11,80,56877,50000
2245,19,67,95895,50000
1362,12,31,63316,50000
2478,21,58,96117,50000
1526,13,74,56537,50000
2667,23,5,57609,50000
1382,12,51,50723,50000
1449,12,118,68426,50000
352,3,110,76718,50000
1730,15,36,53384,50000
2893,24,110,90808,50000
1623,14,50,59434,50000
1969,17,33,66800,50000
1626,14,53,53624,50000
1860,16,45,58778,50000
2670,23,8,56993,50000
1612,14,39,67514,50000
647,6,42,82088,50000
2683,23,21,60116,50000
831,7,105,92562,50000
310,3,68,56639,50000
1048,9,80,71222,50000
1460,13,8,58768,50000
1143,10,54,97418,50000
29,1,29,68280,50000
1360,12,29,71379,50000
1603,14,30,62811,50000
1159,10,70,98698,50000
2015,17,79,96438,50000
184,2,63,99448,50000
1954,17,18,88668,50000
2020,17,84,97929,50000
1921,16,106,98476,50000
1905,16,90,98936,50000
2010,17,74,94171,50000
2763,23,101,59196,50000
1958,17,22,73400,50000
1934,16,119,72751,50000
2602,22,61,78540,50000
2050,17,114,85565,50000
2029,17,93,62726,50000
1026,9,58,59591,50000
1885,16,70,67279,50000
2051,17,115,68694,50000
2019,17,83,58085,50000
2011,17,75,61690,50000
1922,16,107,59748,50000
1924,16,109,50152,50000
2442,21,22,52237,50000
1861,16,46,53370,50000
395,4,32,57355,50000
1895,16,80,67350,50000
1901,16,86,65005,50000
1862,16,47,73635,50000
1914,16,99,76842,50000
2282,19,104,71687,50000
1863,16,48,77023,50000
1998,17,62,73187,50000
2280,19,102,81230,50000
1937,17,1,89005,50000
1889,16,74,52271,50000
155,2,34,92129,50000
852,8,5,84841,50000
1985,17,49,92120,50000
1187,10,98,97100,50000
1986,17,50,94905,50000
2121,18,64,98218,50000
1865,16,50,51276,50000
1897,16,82,61008,50000
2008,17,72,61678,50000
1919,16,104,55394,50000
1949,17,13,53620,50000
1913,16,98,66507,50000
1933,16,118,53250,50000
2052,17,116,54301,50000
2055,17,119,50566,50000
1533,13,81,55646,50000
1923,16,108,51748,50000
1928,16,113,68150,50000
1932,16,117,52830,50000
126,2,5,53723,50000
1910,16,95,60624,50000
1925,16,110,68392,50000
1907,16,92,60661,50000
1983,17,47,55817,50000
1993,17,57,51345,50000
2012,17,76,54979,50000
1887,16,72,51685,50000
1988,17,52,89273,50000
2692,23,30,55771,50000
2032,17,96,53193,50000
2337,20,38,68036,50000
701,6,96,99674,50000
1326,11,116,59924,50000
2647,22,106,68648,50000
2796,24,13,51159,50000
1584,14,11,60707,50000
1472,13,20,54664,50000
2913,25,9,62292,50000
2846,24,63,54510,50000
201,2,80,71800,50000
2982,25,78,71965,50000
1794,15,100,68853,50000
1594,14,21,56977,50000
2754,23,92,94394,50000
795,7,69,72305,50000
396,4,33,55309,50000
2013,17,77,86663,50000
688,6,83,58621,50000
19,1,19,76453,50000
2905,25,1,53829,50000
3024,25,120,62447,50000
1893,16,78,87087,50000
1172,10,83,94852,50000
1204,10,115,96863,50000
1214,11,4,95462,50000
1141,10,52,72959,50000
1176,10,87,67364,50000
2079,18,22,73357,50000
2073,18,16,69692,50000
1888,16,73,83987,50000
1199,10,110,72861,50000
1890,16,75,59310,50000
1006,9,38,81034,50000
1144,10,55,81919,50000
1097,10,8,78996,50000
1329,11,119,71423,50000
1314,11,104,65630,50000
1098,10,9,71202,50000
1224,11,14,61857,50000
1268,11,58,76386,50000
1280,11,70,80005,50000
1168,10,79,77274,50000
1238,11,28,61099,50000
1107,10,18,86433,50000
1163,10,74,69559,50000
1317,11,107,65897,50000
1222,11,12,77676,50000
1249,11,39,81154,50000
1299,11,89,66059,50000
2070,18,13,73914,50000
1952,17,16,79191,50000
1940,17,4,69375,50000
2094,18,37,75667,50000
1301,11,91,66647,50000
1568,13,116,57001,50000
34,1,34,92530,50000
1150,10,61,60959,50000
2974,25,70,56955,50000
822,7,96,56500,50000
1427,12,96,53648,50000
2612,22,71,72443,50000
202,2,81,98502,50000
309,3,67,87508,50000
2805,24,22,93164,50000
1628,14,55,94259,50000
1724,15,30,95505,50000
219,2,98,89210,50000
2448,21,28,76137,50000
1810,15,116,98195,50000
2574,22,33,73660,50000
2089,18,32,97675,50000
577,5,93,52378,50000
2660,22,119,76981,50000
2664,23,2,67783,50000
810,7,84,64506,50000
2607,22,66,78981,50000
1053,9,85,61867,50000
3012,25,108,65740,50000
1302,11,92,74450,50000
17,1,17,67668,50000
1430,12,99,64841,50000
383,4,20,73420,50000
561,5,77,73651,50000
280,3,38,71731,50000
2227,19,49,97497,50000
2204,19,26,96726,50000
2072,18,15,94402,50000
1520,13,68,91858,50000
2057,17,121,98016,50000
2059,18,2,89474,50000
2193,19,15,96544,50000
2222,19,44,99173,50000
2064,18,7,95225,50000
2197,19,19,94377,50000
2209,19,31,50794,50000
1892,16,77,53258,50000
2061,18,4,54481,50000
2192,19,14,54289,50000
2198,19,20,54926,50000
2033,17,97,58678,50000
307,3,65,59457,50000
2214,19,36,63819,50000
2065,18,8,84154,50000
2031,17,95,71468,50000
2203,19,25,67796,50000
2223,19,45,83970,50000
2038,17,102,73010,50000
2063,18,6,84540,50000
2600,22,59,75117,50000
2058,18,1,72336,50000
2035,17,99,93750,50000
2217,19,39,99218,50000
2219,19,41,96131,50000
2174,18,117,87674,50000
2301,20,2,98721,50000
45,1,45,80094,50000
2568,22,27,64053,50000
1030,9,62,70150,50000
2712,23,50,66692,50000
79,1,79,75427,50000
132,2,11,96938,50000
2956,25,52,73952,50000
276,3,34,81138,50000
1480,13,28,64476,50000
2488,21,68,91233,50000
3000,25,96,66803,50000
2987,25,83,87769,50000
564,5,80,58495,50000
340,3,98,64961,50000
410,4,47,70279,50000
790,7,64,96614,50000
430,4,67,76467,50000
1045,9,77,69465,50000
878,8,31,63276,50000
1228,11,18,96524,50000
1016,9,48,74028,50000
1600,14,27,56702,50000
914,8,67,70238,50000
672,6,67,55048,50000
849,8,2,66656,50000
2068,18,11,56996,50000
2274,19,96,64394,50000
2224,19,46,52242,50000
2240,19,62,65443,50000
2298,19,120,52415,50000
2312,20,13,58172,50000
1518,13,66,67037,50000
2250,19,72,73727,50000
2306,20,7,80891,50000
2215,19,37,73219,50000
2251,19,73,57614,50000
2273,19,95,61160,50000
2221,19,43,72735,50000
2303,20,4,86780,50000
2242,19,64,84624,50000
2235,19,57,100787,50000
2327,20,28,57552,50000
1293,11,83,71593,50000
2424,21,4,50271,50000
1385,12,54,70719,50000
2653,22,112,55413,50000
2316,20,17,66352,50000
1701,15,7,79227,50000
7,1,7,83532,50000
271,3,29,50735,50000
406,4,43,83833,50000
2795,24,12,71510,50000
1970,17,34,92582,50000
1103,10,14,61851,50000
2980,25,76,61758,50000
2998,25,94,78904,50000
533,5,49,99447,50000
2284,19,106,66451,50000
766,7,40,97252,50000
697,6,92,53979,50000
2117,18,60,83049,50000
2552,22,11,82120,50000
1251,11,41,51742,50000
2329,20,30,66334,50000
2516,21,96,94796,50000
1564,13,112,92098,50000
2560,22,19,51581,50000
2324,20,25,74040,50000
2000,17,64,52654,50000
2507,21,87,50611,50000
2549,22,8,58408,50000
2546,22,5,57180,50000
2620,22,79,69842,50000
2415,20,116,56325,50000
2473,21,53,54454,50000
2296,19,118,55081,50000
2551,22,10,58194,50000
2539,21,119,75233,50000
2421,21,1,66805,50000
2654,22,113,59240,50000
2814,24,31,67068,50000
2869,24,86,61092,50000
2582,22,41,55628,50000
2634,22,93,57887,50000
2635,22,94,53283,50000
2699,23,37,67147,50000
2625,22,84,55665,50000
2680,23,18,56988,50000
2704,23,42,65727,50000
2481,21,61,53648,50000
2508,21,88,56956,50000
2554,22,13,50637,50000
2498,21,78,50955,50000
2550,22,9,58530,50000
2563,22,22,52183,50000
2567,22,26,60782,50000
2685,23,23,55212,50000
2784,24,1,50552,50000
2786,24,3,50254,50000
2003,17,67,62047,50000
2761,23,99,70094,50000
487,5,3,64968,50000
2002,17,66,56060,50000
2272,19,94,81143,50000
2414,20,115,67361,50000
2649,22,108,73395,50000
2523,21,103,70133,50000
2561,22,20,76116,50000
2677,23,15,75682,50000
2515,21,95,67383,50000
2400,20,101,69328,50000
2429,21,9,62555,50000
2479,21,59,76349,50000
2352,20,53,78204,50000
2459,21,39,70939,50000
2319,20,20,73217,50000
2308,20,9,69194,50000
2401,20,102,84427,50000
2411,20,112,64760,50000
2410,20,111,69319,50000
2465,21,45,81915,50000
2509,21,89,77706,50000
2535,21,115,60248,50000
2587,22,46,68745,50000
2682,23,20,76275,50000
2657,22,116,72681,50000
2669,23,7,61874,50000
2696,23,34,69946,50000
2536,21,116,75725,50000
2575,22,34,79897,50000
2583,22,42,56874,50000
2748,23,86,65496,50000
2615,22,74,67060,50000
2687,23,25,74915,50000
2502,21,82,71687,50000
2617,22,76,85613,50000
2688,23,26,76720,50000
2810,24,27,70126,50000
2608,22,67,82352,50000
2652,22,111,86807,50000
2663,23,1,75894,50000
2875,24,92,60289,50000
2785,24,2,69699,50000
2674,23,12,69023,50000
2787,24,4,88439,50000
2844,24,61,73027,50000
222,2,101,79526,50000
229,2,108,68440,50000
2708,23,46,71416,50000
2633,22,92,75749,50000
2588,22,47,75679,50000
2504,21,84,85216,50000
2510,21,90,65590,50000
2541,21,121,78897,50000
2577,22,36,74476,50000
2589,22,48,71678,50000
2605,22,64,63589,50000
2646,22,105,64086,50000
2661,22,120,73569,50000
2703,23,41,79520,50000
2624,22,83,72341,50000
2678,23,16,67670,50000
2750,23,88,65505,50000
2689,23,27,51612,50000
2559,22,18,91865,50000
2006,17,70,95623,50000
2014,17,78,91456,50000
2668,23,6,98136,50000
2025,17,89,96129,50000
2747,23,85,93602,50000
2618,22,77,99360,50000
2027,17,91,91039,50000
2530,21,110,95762,50000
2206,19,28,89859,50000
2493,21,73,84294,50000
2328,20,29,93000,50000
2518,21,98,91082,50000
2782,23,120,89774,50000
2468,21,48,98756,50000
2702,23,40,94095,50000
2701,23,39,93798,50000
2417,20,118,97650,50000
2525,21,105,87615,50000
2537,21,117,90228,50000
2629,22,88,94550,50000
2558,22,17,96252,50000
2613,22,72,96175,50000
2531,21,111,94823,50000
2557,22,16,90586,50000
2455,21,35,96931,50000
2572,22,31,95107,50000
2803,24,20,90216,50000
2638,22,97,92988,50000
2651,22,110,96189,50000
2659,22,118,86237,50000
2666,23,4,95933,50000
2694,23,32,88188,50000
2691,23,29,88341,50000
2741,23,79,97494,50000
2770,23,108,85365,50000
2713,23,51,90250,50000
2715,23,53,91909,50000
2672,23,10,91231,50000
2700,23,38,85265,50000
2773,23,111,87639,50000
2779,23,117,91675,50000
2744,23,82,99376,50000
2775,23,113,91703,50000
2807,24,24,94447,50000
2573,22,32,92646,50000
2743,23,81,98647,50000
2622,22,81,86095,50000
2637,22,96,94260,50000
644,6,39,102959,50000
2861,24,78,87777,50000
2636,22,95,51612,50000
2738,23,76,95839,50000
2720,23,58,53278,50000
2726,23,64,67094,50000
2714,23,52,55370,50000
2848,24,65,62272,50000
2709,23,47,56914,50000
2737,23,75,57467,50000
2534,21,114,55026,50000
2707,23,45,57381,50000
2621,22,80,59517,50000
2648,22,107,59471,50000
2929,25,25,58483,50000
206,2,85,56046,50000
2858,24,75,54365,50000
25,1,25,66839,50000
214,2,93,72138,50000
2915,25,11,56021,50000
14,1,14,54466,50000
31,1,31,64285,50000
2768,23,106,66091,50000
2808,24,25,60878,50000
2824,24,41,56357,50000
2830,24,47,64508,50000
2521,21,101,59071,50000
2626,22,85,56162,50000
2820,24,37,80039,50000
12,1,12,54141,50000
21,1,21,55893,50000
2790,24,7,66029,50000
22,1,22,56983,50000
2906,25,2,52135,50000
2912,25,8,58946,50000
195,2,74,62305,50000
226,2,105,61636,50000
364,4,1,58878,50000
252,3,10,57413,50000
315,3,73,54459,50000
168,2,47,57058,50000
173,2,52,56516,50000
124,2,3,68798,50000
297,3,55,61598,50000
2730,23,68,51402,50000
2825,24,42,50161,50000
2843,24,60,51621,50000
204,2,83,59912,50000
2840,24,57,56418,50000
32,1,32,50405,50000
38,1,38,57368,50000
230,2,109,51629,50000
372,4,9,56794,50000
170,2,49,60134,50000
120,1,120,53181,50000
2681,23,19,69748,50000
2690,23,28,66371,50000
2847,24,64,80445,50000
2870,24,87,64429,50000
3014,25,110,83778,50000
2767,23,105,66987,50000
2777,23,115,63967,50000
2788,24,5,70253,50000
2860,24,77,78632,50000
2864,24,81,62717,50000
363,3,121,64742,50000
2806,24,23,65292,50000
2804,24,21,82790,50000
2764,23,102,79726,50000
2812,24,29,87059,50000
2839,24,56,72685,50000
2817,24,34,79900,50000
2832,24,49,71307,50000
591,5,107,83519,50000
210,2,89,80042,50000
140,2,19,72224,50000
228,2,107,81290,50000
2599,22,58,73557,50000
380,4,17,86875,50000
174,2,53,82682,50000
125,2,4,64439,50000
20,1,20,82084,50000
2698,23,36,85465,50000
2717,23,55,80828,50000
2816,24,33,87273,50000
2835,24,52,81593,50000
16,1,16,70022,50000
131,2,10,77126,50000
2826,24,43,71501,50000
2855,24,72,66805,50000
2922,25,18,70373,50000
2923,25,19,59564,50000
2935,25,31,68595,50000
2837,24,54,89148,50000
2739,23,77,87787,50000
2801,24,18,93110,50000
2868,24,85,95078,50000
8,1,8,95600,50000
28,1,28,98465,50000
2735,23,73,97188,50000
2813,24,30,96985,50000
2845,24,62,99159,50000
2590,22,49,98599,50000
2719,23,57,94229,50000
2921,25,17,95052,50000
205,2,84,96998,50000
2829,24,46,95640,50000
300,3,58,94829,50000
1009,9,41,96731,50000
212,2,91,96732,50000
376,4,13,96396,50000
2762,23,100,90309,50000
2766,23,104,97384,50000
2778,23,116,99375,50000
2792,24,9,100166,50000
2811,24,28,89114,50000
2818,24,35,92069,50000
2822,24,39,85219,50000
2838,24,55,92055,50000
2857,24,74,98164,50000
2866,24,83,95191,50000
2871,24,88,99683,50000
800,7,74,90708,50000
215,2,94,86488,50000
2834,24,51,86658,50000
208,2,87,87578,50000
127,2,6,92406,50000
26,1,26,97825,50000
221,2,100,98847,50000
2769,23,107,97253,50000
2799,24,16,89221,50000
220,2,99,87002,50000
2856,24,73,94511,50000
2874,24,91,88010,50000
360,3,118,95221,50000
9,1,9,84779,50000
18,1,18,95021,50000
2916,25,12,92708,50000
133,2,12,93274,50000
138,2,17,94121,50000
2907,25,3,96743,50000
172,2,51,89780,50000
382,4,19,88243,50000
513,5,29,86781,50000
1344,12,13,90179,50000
2924,25,20,93347,50000
2920,25,16,94086,50000
2934,25,30,88495,50000
23,1,23,96303,50000
135,2,14,94604,50000
36,1,36,91605,50000
113,1,113,83145,50000
270,3,28,94292,50000
1137,10,48,59198,50000
198,2,77,90500,50000
385,4,22,98828,50000
218,2,97,50145,50000
366,4,3,58520,50000
374,4,11,50660,50000
164,2,43,53202,50000
378,4,15,54652,50000
362,3,120,55270,50000
2722,23,60,63418,50000
2862,24,79,58836,50000
13,1,13,53138,50000
246,3,4,50852,50000
262,3,20,60504,50000
242,2,121,61435,50000
257,3,15,56057,50000
193,2,72,55844,50000
83,1,83,56553,50000
296,3,54,56786,50000
117,1,117,57642,50000
272,3,30,67305,50000
2439,21,19,60546,50000
305,3,63,56130,50000
245,3,3,54225,50000
302,3,60,57254,50000
367,4,4,55412,50000
200,2,79,53907,50000
282,3,40,56498,50000
1190,10,101,59457,50000
1559,13,107,62725,50000
44,1,44,52251,50000
116,1,116,57751,50000
377,4,14,63097,50000
224,2,103,51759,50000
358,3,116,60579,50000
251,3,9,61053,50000
255,3,13,58779,50000
269,3,27,53473,50000
2894,24,111,53468,50000
72,1,72,51147,50000
1028,9,60,51481,50000
24,1,24,75478,50000
2851,24,68,64727,50000
2873,24,90,63614,50000
27,1,27,72743,50000
225,2,104,62097,50000
122,2,1,67252,50000
207,2,86,81381,50000
139,2,18,58571,50000
2909,25,5,84524,50000
357,3,115,59763,50000
369,4,6,61989,50000
370,4,7,75622,50000
311,3,69,63929,50000
190,2,69,80825,50000
508,5,24,71709,50000
56,1,56,72873,50000
84,1,84,77863,50000
216,2,95,74184,50000
37,1,37,67786,50000
137,2,16,62525,50000
354,3,112,80039,50000
194,2,73,74064,50000
260,3,18,81934,50000
514,5,30,83192,50000
121,1,121,71619,50000
2892,24,109,61627,50000
68,1,68,76782,50000
162,2,41,76811,50000
167,2,46,69997,50000
196,2,75,71217,50000
237,2,116,61453,50000
356,3,114,68842,50000
295,3,53,61958,50000
313,3,71,83262,50000
2082,18,25,55327,50000
243,3,1,62204,50000
303,3,61,72243,50000
2888,24,105,66073,50000
41,1,41,68866,50000
2901,24,118,66425,50000
285,3,43,75643,50000
1029,9,61,62034,50000
447,4,84,86390,50000
2878,24,95,65988,50000
61,1,61,68641,50000
460,4,97,79196,50000
1467,13,15,63247,50000
286,3,44,76735,50000
2124,18,67,72089,50000
1941,17,5,67551,50000
359,3,117,80086,50000
713,6,108,77554,50000
2067,18,10,60368,50000
891,8,44,64125,50000
53,1,53,51659,50000
669,6,64,64360,50000
2606,22,65,55545,50000
2876,24,93,99859,50000
2930,25,26,90891,50000
171,2,50,99575,50000
2908,25,4,93295,50000
241,2,120,94963,50000
160,2,39,98579,50000
517,5,33,90209,50000
144,2,23,97404,50000
254,3,12,99174,50000
518,5,34,98732,50000
46,1,46,97838,50000
869,8,22,92486,50000
52,1,52,98918,50000
256,3,14,93226,50000
2910,25,6,91988,50000
134,2,13,99847,50000
2911,25,7,89930,50000
227,2,106,87045,50000
381,4,18,97607,50000
384,4,21,95786,50000
387,4,24,89188,50000
239,2,118,96473,50000
294,3,52,97772,50000
314,3,72,89702,50000
165,2,44,91051,50000
249,3,7,89749,50000
316,3,74,88380,50000
516,5,32,96710,50000
519,5,35,90786,50000
188,2,67,85421,50000
128,2,7,86684,50000
299,3,57,87015,50000
161,2,40,93099,50000
379,4,16,90775,50000
2897,24,114,86616,50000
1964,17,28,87787,50000
2883,24,100,94776,50000
1572,13,120,96262,50000
473,4,110,92854,50000
291,3,49,99706,50000
166,2,45,96292,50000
268,3,26,94626,50000
2902,24,119,97126,50000
2896,24,113,99815,50000
875,8,28,94211,50000
1812,15,118,91347,50000
2501,21,81,90368,50000
2881,24,98,93132,50000
1049,9,81,92529,50000
158,2,37,99328,50000
57,1,57,83333,50000
2903,24,120,98200,50000
1189,10,100,99545,50000
2789,24,6,96250,50000
65,1,65,94310,50000
682,6,77,101923,50000
2697,23,35,97054,50000
50,1,50,98587,50000
1415,12,84,97513,50000
2566,22,25,97020,50000
1818,16,3,89793,50000
1956,17,20,101211,50000
2553,22,12,94447,50000
1323,11,113,97502,50000
2422,21,2,99736,50000
2213,19,35,95862,50000
64,1,64,84583,50000
67,1,67,90243,50000
76,1,76,88459,50000
77,1,77,88480,50000
62,1,62,63199,50000
1191,10,102,57139,50000
70,1,70,70912,50000
1258,11,48,53778,50000
1972,17,36,61194,50000
1768,15,74,57211,50000
39,1,39,65954,50000
47,1,47,66744,50000
507,5,23,74826,50000
141,2,20,65349,50000
235,2,114,57218,50000
368,4,5,50635,50000
509,5,25,57709,50000
250,3,8,62399,50000
293,3,51,60291,50000
515,5,31,52028,50000
81,1,81,63372,50000
123,2,2,68741,50000
42,1,42,56304,50000
1033,9,65,54119,50000
1624,14,51,57550,50000
718,6,113,55042,50000
1310,11,100,55221,50000
872,8,25,50226,50000
2854,24,71,56881,50000
2130,18,73,52560,50000
1454,13,2,60513,50000
558,5,74,58946,50000
2752,23,90,56616,50000
1909,16,94,61185,50000
1927,16,112,67855,50000
2129,18,72,50392,50000
386,4,23,59955,50000
1650,14,77,60198,50000
2142,18,85,74937,50000
2212,19,34,66606,50000
2216,19,38,61986,50000
2349,20,50,64900,50000
1939,17,3,71360,50000
1944,17,8,64973,50000
15,1,15,70756,50000
1891,16,76,80613,50000
2036,17,100,79179,50000
2066,18,9,83958,50000
2218,19,40,85776,50000
2042,17,106,62061,50000
2253,19,75,77374,50000
2276,19,98,61580,50000
2246,19,68,70394,50000
2076,18,19,80103,50000
2062,18,5,85068,50000
2268,19,90,71251,50000
2047,17,111,84283,50000
2060,18,3,82447,50000
2194,19,16,87833,50000
2426,21,6,79022,50000
2423,21,3,64127,50000
2093,18,36,61144,50000
2684,23,22,63299,50000
2997,25,93,53170,50000
2944,25,40,54559,50000
560,5,76,56175,50000
876,8,29,69638,50000
1931,16,116,68446,50000
2084,18,27,55931,50000
1500,13,48,67673,50000
2511,21,91,85815,50000
2126,18,69,86390,50000
1031,9,63,92329,50000
78,1,78,50178,50000
2898,24,115,54345,50000
434,4,71,53502,50000
2802,24,19,60949,50000
551,5,67,50744,50000
2289,19,111,54068,50000
1441,12,110,62770,50000
2290,19,112,56848,50000
873,8,26,57885,50000
1036,9,68,50721,50000
3018,25,114,53775,50000
1920,16,105,52479,50000
63,1,63,80371,50000
708,6,103,70287,50000
870,8,23,75280,50000
1402,12,71,79216,50000
2288,19,110,62644,50000
712,6,107,82658,50000
1976,17,40,81380,50000
2867,24,84,71445,50000
1916,16,101,84148,50000
2071,18,14,85490,50000
2596,22,55,70164,50000
2951,25,47,68968,50000
2895,24,112,79655,50000
2619,22,78,84245,50000
2604,22,63,81695,50000
2285,19,107,80196,50000
54,1,54,76547,50000
69,1,69,68204,50000
2446,21,26,81267,50000
2187,19,9,68626,50000
2200,19,22,72426,50000
2449,21,29,67767,50000
1034,9,66,85407,50000
720,6,115,65855,50000
1659,14,86,69378,50000
1807,15,113,60389,50000
1811,15,117,75147,50000
2918,25,14,70708,50000
553,5,69,75304,50000
1948,17,12,58773,50000
735,7,9,70884,50000
1181,10,92,79093,50000
2945,25,41,77244,50000
1336,12,5,74969,50000
3019,25,115,72408,50000
3017,25,113,85886,50000
1497,13,45,64393,50000
2099,18,42,84722,50000
2993,25,89,63218,50000
1819,16,4,52857,50000
1662,14,89,55817,50000
1664,14,91,53670,50000
80,1,80,59110,50000
2815,24,32,53251,50000
1363,12,32,62020,50000
2645,22,104,62399,50000
2131,18,74,59833,50000
1813,15,119,54461,50000
1936,16,121,54706,50000
1834,16,19,53172,50000
931,8,84,60213,50000
1953,17,17,60788,50000
2948,25,44,69703,50000
2979,25,75,51456,50000
2115,18,58,60275,50000
2136,18,79,58143,50000
2958,25,54,54142,50000
1339,12,8,58328,50000
761,7,35,60941,50000
2092,18,35,69373,50000
2116,18,59,61168,50000
339,3,97,60909,50000
563,5,79,55372,50000
3004,25,100,54671,50000
2946,25,42,58350,50000
1166,10,77,66136,50000
2597,22,56,61419,50000
2984,25,80,50449,50000
2983,25,79,76922,50000
402,4,39,56031,50000
475,4,112,53611,50000
456,4,93,56755,50000
522,5,38,52924,50000
344,3,102,59304,50000
905,8,58,51852,50000
2988,25,84,53140,50000
2114,18,57,53966,50000
2540,21,120,52090,50000
710,6,105,84084,50000
1951,17,15,88009,50000
871,8,24,94636,50000
2074,18,17,97426,50000
2447,21,27,93926,50000
2127,18,70,95080,50000
2753,23,91,90127,50000
3013,25,109,89107,50000
2841,24,58,91875,50000
1428,12,97,97938,50000
1496,13,44,99010,50000
2357,20,58,95112,50000
2305,20,6,90819,50000
2749,23,87,97207,50000
918,8,71,86526,50000
74,1,74,99042,50000
1140,10,51,97225,50000
2004,17,68,91429,50000
1991,17,55,93687,50000
2592,22,51,93290,50000
2043,17,107,84436,50000
1658,14,85,90699,50000
1338,12,7,98138,50000
2409,20,110,88309,50000
2287,19,109,87750,50000
1245,11,35,87542,50000
2658,22,117,95825,50000
1821,16,6,90557,50000
2710,23,48,92768,50000
2088,18,31,95924,50000
565,5,81,88172,50000
2757,23,95,95766,50000
388,4,25,97081,50000
3020,25,116,85907,50000
748,7,22,95717,50000
2595,22,54,95560,50000
2755,23,93,98836,50000
3022,25,118,84574,50000
2075,18,18,98933,50000
2996,25,92,95282,50000
2973,25,69,96836,50000
2990,25,86,99773,50000
2140,18,83,96456,50000
332,3,90,99418,50000
2955,25,51,97958,50000
1271,11,61,90358,50000
2239,19,61,91196,50000
3023,25,119,91944,50000
2252,19,74,98990,50000
2978,25,74,94858,50000
2104,18,47,97808,50000
338,3,96,86422,50000
2941,25,37,88653,50000
2967,25,63,99348,50000
331,3,89,96705,50000
970,9,2,89456,50000
2751,23,89,93705,50000
2994,25,90,94093,50000
2772,23,110,55648,50000
1502,13,50,93772,50000
2942,25,38,83162,50000
2949,25,45,65442,50000
2940,25,36,50389,50000
399,4,36,56868,50000
403,4,40,58841,50000
1847,16,32,55266,50000
330,3,88,52642,50000
436,4,73,53797,50000
466,4,103,51129,50000
524,5,40,50065,50000
2947,25,43,74932,50000
2226,19,48,66157,50000
2085,18,28,84054,50000
1655,14,82,73327,50000
2396,20,97,67727,50000
1815,15,121,76537,50000
334,3,92,72585,50000
414,4,51,65223,50000
2056,17,120,78228,50000
1153,10,64,71263,50000
1493,13,41,85004,50000
2098,18,41,79348,50000
1501,13,49,81211,50000
3021,25,117,81380,50000
2986,25,82,77372,50000
2952,25,48,86614,50000
2139,18,82,71256,50000
391,4,28,81096,50000
337,3,95,84311,50000
2756,23,94,74611,50000
2957,25,53,75013,50000
2972,25,68,88435,50000
2969,25,65,79710,50000
879,8,32,83755,50000
2960,25,56,82873,50000
2977,25,73,59871,50000
2105,18,48,67940,50000
329,3,87,59634,50000
2943,25,39,67955,50000
2097,18,40,87940,50000
397,4,34,72194,50000
415,4,52,85523,50000
461,4,98,67960,50000
2122,18,65,79960,50000
2138,18,81,59990,50000
1654,14,81,76172,50000
2527,21,107,70745,50000
437,4,74,79828,50000
440,4,77,73966,50000
523,5,39,75411,50000
448,4,85,68292,50000
481,4,118,75929,50000
424,4,61,80315,50000
431,4,68,63762,50000
2107,18,50,62569,50000
417,4,54,58544,50000
409,4,46,83250,50000
449,4,86,64532,50000
574,5,90,85391,50000
1328,11,118,78543,50000
575,5,91,74971,50000
532,5,48,59191,50000
556,5,72,56215,50000
2106,18,49,51521,50000
3006,25,102,66436,50000
1342,12,11,61289,50000
2989,25,85,61037,50000
2331,20,32,60985,50000
413,4,50,58959,50000
2968,25,64,65789,50000
2970,25,66,57060,50000
2971,25,67,59459,50000
2078,18,21,50714,50000
479,4,116,54950,50000
570,5,86,55936,50000
634,6,29,59108,50000
666,6,61,53337,50000
1974,17,38,57943,50000
428,4,65,54929,50000
529,5,45,50225,50000
457,4,94,50960,50000
549,5,65,65072,50000
400,4,37,57992,50000
441,4,78,62777,50000
458,4,95,67592,50000
569,5,85,63065,50000
472,4,109,66842,50000
527,5,43,54994,50000
626,6,21,50847,50000
629,6,24,53187,50000
646,6,41,53874,50000
731,7,5,59620,50000
670,6,65,54663,50000
675,6,70,63883,50000
707,6,102,56864,50000
723,6,118,59489,50000
681,6,76,51245,50000
724,6,119,63360,50000
412,4,49,53609,50000
455,4,92,53601,50000
470,4,107,51333,50000
465,4,102,50101,50000
650,6,45,52060,50000
2102,18,45,95496,50000
454,4,91,96856,50000
2723,23,61,90006,50000
2101,18,44,98156,50000
1088,9,120,96467,50000
3016,25,112,94041,50000
350,3,108,92340,50000
351,3,109,92106,50000
425,4,62,98808,50000
426,4,63,92778,50000
2959,25,55,90335,50000
2991,25,87,97124,50000
2435,21,15,90567,50000
1297,11,87,92951,50000
717,6,112,90943,50000
405,4,42,93682,50000
459,4,96,90737,50000
453,4,90,85737,50000
2118,18,61,90199,50000
2999,25,95,91598,50000
346,3,104,87601,50000
1555,13,103,93700,50000
450,4,87,94173,50000
471,4,108,99596,50000
542,5,58,84654,50000
548,5,64,96641,50000
571,5,87,95530,50000
586,5,102,83799,50000
606,6,1,88480,50000
609,6,4,93606,50000
610,6,5,96098,50000
2992,25,88,95844,50000
601,5,117,96446,50000
624,6,19,97260,50000
653,6,48,98481,50000
566,5,82,99388,50000
572,5,88,99916,50000
480,4,117,94983,50000
756,7,30,91388,50000
620,6,15,95225,50000
637,6,32,83991,50000
535,5,51,96225,50000
419,4,56,89538,50000
427,4,64,95719,50000
433,4,70,86577,50000
438,4,75,95298,50000
590,5,106,92905,50000
2745,23,83,75525,50000
651,6,46,92624,50000
652,6,47,93303,50000
633,6,28,57533,50000
439,4,76,51687,50000
462,4,99,53047,50000
536,5,52,56777,50000
704,6,99,54706,50000
820,7,94,50140,50000
747,7,21,51831,50000
763,7,37,50285,50000
528,5,44,53301,50000
817,7,91,50615,50000
801,7,75,50477,50000
619,6,14,56480,50000
833,7,107,50189,50000
843,7,117,62414,50000
615,6,10,65168,50000
474,4,111,80569,50000
411,4,48,64404,50000
627,6,22,68828,50000
687,6,82,63382,50000
683,6,78,70197,50000
702,6,97,79513,50000
573,5,89,75855,50000
468,4,105,68576,50000
691,6,86,58937,50000
705,6,100,71319,50000
757,7,31,76809,50000
603,5,119,70627,50000
611,6,6,61173,50000
597,5,113,65572,50000
676,6,71,79384,50000
594,5,110,60097,50000
684,6,79,80987,50000
829,7,103,67812,50000
802,7,76,64619,50000
814,7,88,74291,50000
773,7,47,82887,50000
804,7,78,77293,50000
897,8,50,61648,50000
703,6,98,65090,50000
848,8,1,61334,50000
930,8,83,78607,50000
975,9,7,63881,50000
759,7,33,65554,50000
550,5,66,64079,50000
727,7,1,69782,50000
776,7,50,71845,50000
779,7,53,68661,50000
781,7,55,81015,50000
823,7,97,69655,50000
599,5,115,67692,50000
836,7,110,77098,50000
851,8,4,86250,50000
889,8,42,61159,50000
835,7,109,65819,50000
824,7,98,51821,50000
582,5,98,53251,50000
638,6,33,54966,50000
661,6,56,57767,50000
664,6,59,63257,50000
782,7,56,69886,50000
635,6,30,60814,50000
694,6,89,59758,50000
854,8,7,51269,50000
755,7,29,50031,50000
883,8,36,56016,50000
530,5,46,64476,50000
537,5,53,68737,50000
654,6,49,65703,50000
803,7,77,63119,50000
660,6,55,50643,50000
596,5,112,53231,50000
623,6,18,51065,50000
699,6,94,61636,50000
725,6,120,68312,50000
730,7,4,56994,50000
737,7,11,58235,50000
698,6,93,52745,50000
744,7,18,54355,50000
750,7,24,64050,50000
758,7,32,53631,50000
796,7,70,56947,50000
811,7,85,53921,50000
837,7,111,74462,50000
838,7,112,55050,50000
916,8,69,70940,50000
960,8,113,72052,50000
966,8,119,72218,50000
984,9,16,67737,50000
1010,9,42,63131,50000
1021,9,53,56901,50000
959,8,112,62676,50000
985,9,17,59267,50000
1003,9,35,62580,50000
904,8,57,56329,50000
921,8,74,53201,50000
948,8,101,54695,50000
679,6,74,59132,50000
739,7,13,54924,50000
969,9,1,56357,50000
662,6,57,89391,50000
595,5,111,94987,50000
605,5,121,91191,50000
655,6,50,89303,50000
394,4,31,95445,50000
476,4,113,101467,50000
663,6,58,96075,50000
671,6,66,93021,50000
696,6,91,89634,50000
700,6,95,97495,50000
673,6,68,89368,50000
686,6,81,98017,50000
435,4,72,86761,50000
451,4,88,95718,50000
642,6,37,96885,50000
593,5,109,83643,50000
478,4,115,88539,50000
598,5,114,93633,50000
641,6,36,91538,50000
613,6,8,96351,50000
753,7,27,85896,50000
812,7,86,92090,50000
734,7,8,91401,50000
659,6,54,92591,50000
768,7,42,93670,50000
818,7,92,92578,50000
771,7,45,95822,50000
783,7,57,89546,50000
825,7,99,94989,50000
864,8,17,87442,50000
792,7,66,93673,50000
709,6,104,93500,50000
678,6,73,96083,50000
668,6,63,91841,50000
845,7,119,92313,50000
418,4,55,97783,50000
452,4,89,97455,50000
583,5,99,99802,50000
989,9,21,99173,50000
956,8,109,88997,50000
919,8,72,95906,50000
926,8,79,95842,50000
933,8,86,97869,50000
943,8,96,96178,50000
951,8,104,94717,50000
786,7,60,92173,50000
665,6,60,89588,50000
816,7,90,95682,50000
797,7,71,92663,50000
769,7,43,98983,50000
181,2,60,55345,50000
1014,9,46,89983,50000
866,8,19,57957,50000
980,9,12,53861,50000
1121,10,32,58475,50000
898,8,51,75281,50000
912,8,65,83511,50000
982,9,14,84334,50000
1012,9,44,64749,50000
1035,9,67,83165,50000
978,9,10,79975,50000
1061,9,93,65729,50000
639,6,34,68024,50000
853,8,6,64435,50000
857,8,10,73866,50000
888,8,41,83960,50000
962,8,115,62272,50000
972,9,4,78436,50000
736,7,10,85448,50000
754,7,28,71163,50000
777,7,51,70939,50000
798,7,72,68723,50000
922,8,75,64204,50000
893,8,46,77311,50000
896,8,49,70212,50000
993,9,25,82172,50000
946,8,99,65805,50000
1070,9,102,85321,50000
1000,9,32,69702,50000
979,9,11,68914,50000
992,9,24,79012,50000
1001,9,33,59194,50000
1005,9,37,61312,50000
1043,9,75,74636,50000
932,8,85,76684,50000
949,8,102,66725,50000
1109,10,20,78416,50000
770,7,44,59688,50000
842,7,116,67849,50000
976,9,8,82839,50000
1011,9,43,73632,50000
847,7,121,67950,50000
967,8,120,56654,50000
1147,10,58,80846,50000
1149,10,60,67879,50000
1230,11,20,71947,50000
1239,11,29,73823,50000
929,8,82,72483,50000
1066,9,98,63376,50000
1089,9,121,81862,50000
1087,9,119,73066,50000
1138,10,49,69602,50000
1160,10,71,79795,50000
1708,15,14,81598,50000
968,8,121,52654,50000
1197,10,108,52966,50000
928,8,81,53684,50000
706,6,101,70817,50000
821,7,95,55246,50000
858,8,11,51277,50000
860,8,13,51449,50000
971,9,3,53980,50000
988,9,20,57846,50000
994,9,26,69807,50000
987,9,19,58504,50000
1229,11,19,71276,50000
894,8,47,64186,50000
882,8,35,58017,50000
908,8,61,51759,50000
915,8,68,60865,50000
938,8,91,51893,50000
990,9,22,53265,50000
998,9,30,67761,50000
1004,9,36,56510,50000
1040,9,72,51448,50000
1071,9,103,55333,50000
936,8,89,66659,50000
1059,9,91,55426,50000
1073,9,105,54897,50000
1080,9,112,62046,50000
1113,10,24,69328,50000
942,8,95,60668,50000
1236,11,26,60411,50000
1216,11,6,63884,50000
1174,10,85,56732,50000
1192,10,103,50258,50000
1247,11,37,59643,50000
1156,10,67,50545,50000
1111,10,22,50959,50000
1266,11,56,50557,50000
1248,11,38,50474,50000
1131,10,42,51018,50000
986,9,18,92685,50000
927,8,80,85814,50000
911,8,64,98179,50000
778,7,52,104713,50000
807,7,81,81752,50000
827,7,101,89177,50000
830,7,104,96529,50000
728,7,2,84684,50000
780,7,54,99905,50000
887,8,40,87861,50000
805,7,79,95492,50000
952,8,105,85486,50000
1106,10,17,92461,50000
903,8,56,97337,50000
941,8,94,91342,50000
1015,9,47,94775,50000
1017,9,49,95257,50000
862,8,15,99070,50000
939,8,92,96253,50000
1002,9,34,93972,50000
1038,9,70,90266,50000
1046,9,78,99110,50000
1084,9,116,89731,50000
1094,10,5,93848,50000
1100,10,11,95124,50000
1123,10,34,94076,50000
1134,10,45,88645,50000
1148,10,59,87356,50000
1161,10,72,91865,50000
809,7,83,97028,50000
793,7,67,87805,50000
902,8,55,89296,50000
1135,10,46,92737,50000
1019,9,51,97552,50000
940,8,93,96848,50000
995,9,27,97964,50000
1067,9,99,97437,50000
1274,11,64,91630,50000
1291,11,81,96916,50000
1170,10,81,84390,50000
1056,9,88,90491,50000
1130,10,41,95961,50000
1240,11,30,96344,50000
1286,11,76,95811,50000
1128,10,39,98776,50000
1273,11,63,95186,50000
1281,11,71,83111,50000
1309,11,99,93133,50000
1243,11,33,92006,50000
1254,11,44,87664,50000
1292,11,82,84578,50000
1169,10,80,86660,50000
1086,9,118,95708,50000
1064,9,96,89251,50000
1105,10,16,94353,50000
1364,12,33,98634,50000
1276,11,66,88324,50000
1118,10,29,95320,50000
1289,11,79,94691,50000
2899,24,116,78255,50000
1898,16,83,93246,50000
2083,18,26,93347,50000
2086,18,29,56271,50000
1896,16,81,51163,50000
1912,16,97,58217,50000
1945,17,9,51563,50000
1894,16,79,58294,50000
839,7,113,58474,50000
1368,12,37,53086,50000
1373,12,42,50432,50000
1308,11,98,50312,50000
1354,12,23,50406,50000
1386,12,55,52644,50000
1390,12,59,59650,50000
1223,11,13,54336,50000
1515,13,63,52902,50000
1399,12,68,50738,50000
1494,13,42,53040,50000
1447,12,116,52006,50000
1455,13,3,51273,50000
1456,13,4,51038,50000
1058,9,90,73331,50000
1209,10,120,66584,50000
1120,10,31,70027,50000
1155,10,66,57283,50000
1288,11,78,53875,50000
1226,11,16,59840,50000
1217,11,7,60662,50000
1272,11,62,59746,50000
1307,11,97,52478,50000
1325,11,115,55131,50000
1081,9,113,68223,50000
1136,10,47,53570,50000
1139,10,50,66189,50000
1055,9,87,69040,50000
1057,9,89,57385,50000
1126,10,37,66733,50000
1201,10,112,61792,50000
1202,10,113,59061,50000
1210,10,121,75185,50000
1104,10,15,50604,50000
1112,10,23,60382,50000
1125,10,36,51643,50000
1175,10,86,63273,50000
1180,10,91,61495,50000
1218,11,8,50335,50000
1235,11,25,55614,50000
1279,11,69,50395,50000
1196,10,107,58994,50000
1357,12,26,52141,50000
1361,12,30,57329,50000
1377,12,46,50622,50000
1178,10,89,52102,50000
1220,11,10,54536,50000
1311,11,101,51657,50000
1394,12,63,53080,50000
1514,13,62,51214,50000
1446,12,115,60868,50000
1491,13,39,57989,50000
1492,13,40,55190,50000
1490,13,38,52311,50000
2266,19,88,56075,50000
1680,14,107,50801,50000
1093,10,4,67355,50000
1164,10,75,74707,50000
1158,10,69,68279,50000
1195,10,106,74101,50000
1231,11,21,68929,50000
1285,11,75,72629,50000
1330,11,120,74960,50000
1334,12,3,75877,50000
1356,12,25,70564,50000
1351,12,20,71982,50000
1408,12,77,80555,50000
1211,11,1,82199,50000
1083,9,115,78622,50000
1489,13,37,76342,50000
1528,13,76,82779,50000
1451,12,120,73384,50000
1465,13,13,58997,50000
1476,13,24,78268,50000
1530,13,78,72471,50000
1319,11,109,64978,50000
1371,12,40,87272,50000
1400,12,69,71608,50000
1379,12,48,85922,50000
1404,12,73,75453,50000
1448,12,117,68456,50000
1468,13,16,65974,50000
1543,13,91,73075,50000
1424,12,93,82941,50000
1463,13,11,58444,50000
1911,16,96,91848,50000
1884,16,69,97243,50000
1866,16,51,86484,50000
1868,16,53,86889,50000
630,6,25,97582,50000
1347,12,16,91660,50000
1955,17,19,90356,50000
2090,18,33,89618,50000
1929,16,114,93141,50000
1902,16,87,98328,50000
1300,11,90,89749,50000
1313,11,103,93061,50000
1315,11,105,94500,50000
1349,12,18,95112,50000
1369,12,38,94075,50000
1414,12,83,88856,50000
1411,12,80,95859,50000
1023,9,55,90462,50000
1072,9,104,89415,50000
1213,11,3,97193,50000
1096,10,7,90945,50000
1416,12,85,96866,50000
1406,12,75,98188,50000
1255,11,45,87069,50000
1508,13,56,87113,50000
1444,12,113,98286,50000
1509,13,57,99517,50000
1545,13,93,95229,50000
1513,13,61,90226,50000
1570,13,118,94681,50000
1556,13,104,91409,50000
1433,12,102,95489,50000
1434,12,103,90709,50000
1458,13,6,89492,50000
1461,13,9,96168,50000
1474,13,22,86653,50000
1517,13,65,86653,50000
1521,13,69,94997,50000
1207,10,118,99266,50000
1154,10,65,96561,50000
1208,10,119,97126,50000
1481,13,29,98240,50000
1516,13,64,95631,50000
1475,13,23,84094,50000
1510,13,58,97324,50000
1587,14,14,82605,50000
1537,13,85,84616,50000
1436,12,105,85276,50000
1469,13,17,80524,50000
1506,13,54,93904,50000
1731,15,37,91321,50000
2247,19,69,85776,50000
1685,14,112,89343,50000
1610,14,37,83691,50000
1689,14,116,99079,50000
2278,19,100,98027,50000
1596,14,23,90155,50000
2230,19,52,96336,50000
1127,10,38,50481,50000
1576,14,3,87363,50000
1541,13,89,83976,50000
1462,13,10,64272,50000
1519,13,67,72024,50000
1419,12,88,81659,50000
1466,13,14,73128,50000
1471,13,19,77680,50000
1710,15,16,82668,50000
2482,21,62,64262,50000
1278,11,68,80160,50000
1551,13,99,61505,50000
1540,13,88,68645,50000
1527,13,75,55681,50000
1550,13,98,61894,50000
1552,13,100,60151,50000
1604,14,31,58339,50000
1487,13,35,66382,50000
1544,13,92,61494,50000
1679,14,106,52256,50000
1717,15,23,57133,50000
1488,13,36,68624,50000
1511,13,59,62976,50000
1259,11,49,55596,50000
1486,13,34,56481,50000
1267,11,57,62799,50000
1366,12,35,59752,50000
1395,12,64,54000,50000
1401,12,70,55653,50000
1525,13,73,55297,50000
1563,13,111,60205,50000
1422,12,91,55028,50000
1512,13,60,62543,50000
1529,13,77,57814,50000
1548,13,96,52294,50000
1561,13,109,51370,50000
1582,14,9,55554,50000
1439,12,108,57326,50000
1464,13,12,57396,50000
1450,12,119,55972,50000
1636,14,63,57819,50000
1723,15,29,70515,50000
1665,14,92,54745,50000
1613,14,40,51128,50000
1693,14,120,52223,50000
1736,15,42,72935,50000
2113,18,56,58797,50000
2238,19,60,55381,50000
217,2,96,54070,50000
175,2,54,56929,50000
2961,25,57,56192,50000
1583,14,10,66372,50000
1605,14,32,61149,50000
1663,14,90,53754,50000
2,1,2,59253,50000
1622,14,49,62450,50000
1698,15,4,52058,50000
1739,15,45,51087,50000
1355,12,24,52965,50000
585,5,101,55707,50000
546,5,62,51144,50000
2821,24,38,50700,50000
1620,14,47,50570,50000
469,4,106,50998,50000
163,2,42,52052,50000
828,7,102,61527,50000
1574,14,1,70336,50000
1608,14,35,71560,50000
1631,14,58,62104,50000
1671,14,98,79462,50000
1616,14,43,63046,50000
1470,13,18,78565,50000
868,8,21,84567,50000
1734,15,40,85272,50000
1691,14,118,77102,50000
1709,15,15,83017,50000
1715,15,21,64161,50000
1738,15,44,67241,50000
1705,15,11,66212,50000
752,7,26,60658,50000
1695,15,1,64264,50000
1668,14,95,77013,50000
1669,14,96,86621,50000
1720,15,26,60597,50000
738,7,12,62948,50000
1900,16,85,77597,50000
1737,15,43,84326,50000
1699,15,5,74541,50000
1630,14,57,72353,50000
1621,14,48,69604,50000
1638,14,65,79113,50000
1566,13,114,73101,50000
1675,14,102,66394,50000
1686,14,113,56448,50000
1711,15,17,71240,50000
2679,23,17,56140,50000
2877,24,94,80099,50000
1666,14,93,71331,50000
1580,14,7,91220,50000
1589,14,16,89880,50000
2037,17,101,93296,50000
1560,13,108,93579,50000
1429,12,98,92169,50000
1438,12,107,92056,50000
1549,13,97,86403,50000
4,1,4,95467,50000
1453,13,1,88217,50000
2418,20,119,94942,50000
1617,14,44,94147,50000
1615,14,42,87475,50000
1632,14,59,99180,50000
1646,14,73,91801,50000
1651,14,78,96246,50000
1700,15,6,83491,50000
1714,15,20,80059,50000
1725,15,31,97967,50000
2046,17,110,87904,50000
765,7,39,99926,50000
1683,14,110,92066,50000
1633,14,60,86590,50000
1634,14,61,96990,50000
1722,15,28,86148,50000
186,2,65,86836,50000
1477,13,25,98394,50000
1264,11,54,95249,50000
1396,12,65,95707,50000
1417,12,86,92447,50000
1478,13,26,94184,50000
1553,13,101,91367,50000
1440,12,109,98245,50000
1571,13,119,99121,50000
1597,14,24,99356,50000
1606,14,33,90855,50000
1684,14,111,97181,50000
1688,14,115,95187,50000
2623,22,82,99447,50000
1702,15,8,97212,50000
1726,15,32,89534,50000
1733,15,39,90269,50000
2471,21,51,85023,50000
999,9,31,92287,50000
183,2,62,97386,50000
288,3,46,89249,50000
1781,15,87,92079,50000
1676,14,103,93650,50000
1442,12,111,97876,50000
1694,14,121,90850,50000
1732,15,38,94268,50000
2859,24,76,99805,50000
762,7,36,92545,50000
2494,21,74,87390,50000
2111,18,54,60249,50000
2339,20,40,94421,50000
2724,23,62,93079,50000
1681,14,108,75374,50000
2341,20,42,84006,50000
947,8,100,79582,50000
2950,25,46,74611,50000
2995,25,91,82362,50000
658,6,53,86676,50000
1054,9,86,63340,50000
1263,11,53,77308,50000
1735,15,41,78785,50000
1697,15,3,67296,50000
1647,14,74,71868,50000
1718,15,24,77010,50000
1062,9,94,77832,50000
2819,24,36,84926,50000
715,6,110,75979,50000
562,5,78,78577,50000
1152,10,63,52814,50000
2564,22,23,51545,50000
819,7,93,54687,50000
850,8,3,52440,50000
1674,14,101,64062,50000
1485,13,33,55540,50000
1534,13,82,62295,50000
1682,14,109,61255,50000
1578,14,5,66936,50000
1619,14,46,56643,50000
1640,14,67,69647,50000
1649,14,76,62309,50000
1696,15,2,53610,50000
1740,15,46,60448,50000
538,5,54,56241,50000
1643,14,70,63161,50000
1692,14,119,65509,50000
2891,24,108,52943,50000
1221,11,11,60296,50000
867,8,20,55435,50000
631,6,26,64572,50000
677,6,72,63429,50000
1,1,1,53253,50000
1022,9,54,68420,50000
284,3,42,63743,50000
944,8,97,58587,50000
240,2,119,56141,50000
1173,10,84,54968,50000
2593,22,52,66916,50000
2863,24,80,56926,50000
2080,18,23,68307,50000
1257,11,47,56549,50000
1282,11,72,55870,50000
2486,21,66,50013,50000
1063,9,95,59236,50000
2201,19,23,53538,50000
1068,9,100,56318,50000
1704,15,10,53582,50000
2524,21,104,55861,50000
2466,21,46,62833,50000
1165,10,76,52786,50000
2323,20,24,51975,50000
2300,20,1,55653,50000
1503,13,51,85568,50000
2110,18,53,71198,50000
199,2,78,79558,50000
114,1,114,67398,50000
1498,13,46,67233,50000
541,5,57,75108,50000
589,5,105,74208,50000
640,6,35,64848,50000
721,6,116,73735,50000
973,9,5,78729,50000
1296,11,86,69711,50000
2304,20,5,66878,50000
2526,21,106,82833,50000
119,1,119,84417,50000
365,4,2,84546,50000
2103,18,46,65754,50000
2344,20,45,84579,50000
345,3,103,79692,50000
1108,10,19,63611,50000
1193,10,104,67658,50000
1966,17,30,77772,50000
232,2,111,74931,50000
343,3,101,77124,50000
463,4,100,71299,50000
1397,12,66,63068,50000
1618,14,45,73005,50000
2354,20,55,81388,50000
2496,21,76,74835,50000
1973,17,37,72551,50000
689,6,84,80196,50000
901,8,54,77954,50000
1041,9,73,65203,50000
2133,18,76,61627,50000
233,2,112,77903,50000
1712,15,18,97122,50000
1437,12,106,92061,50000
846,7,120,84289,50000
2034,17,98,89297,50000
2263,19,85,96463,50000
2456,21,36,83546,50000
2556,22,15,90725,50000
2609,22,68,97236,50000
129,2,8,85359,50000
189,2,68,95444,50000
1809,15,115,92958,50000
1114,10,25,90244,50000
2954,25,50,97301,50000
2081,18,24,97444,50000
416,4,53,90828,50000
899,8,52,96831,50000
1052,9,84,91981,50000
1452,12,121,93084,50000
1524,13,72,88174,50000
66,1,66,90991,50000
618,6,13,99855,50000
1079,9,111,84820,50000
1950,17,14,97844,50000
6,1,6,94483,50000
625,6,20,87341,50000
1037,9,69,91405,50000
1445,12,114,97538,50000
1721,15,27,99534,50000
1687,14,114,95217,50000
1672,14,99,93950,50000
2630,22,89,94366,50000
2732,23,70,98696,50000
588,5,104,93094,50000
1644,14,71,96067,50000
2729,23,67,91881,50000
1177,10,88,99051,50000
1320,11,110,95363,50000
1384,12,53,96461,50000
832,7,106,90219,50000
657,6,52,97808,50000
745,7,19,83658,50000
2705,23,43,98629,50000
136,2,15,95094,50000
600,5,116,90695,50000
2570,22,29,92663,50000
1607,14,34,90011,50000
2836,24,53,95624,50000
1050,9,82,92883,50000
2644,22,103,102808,50000
247,3,5,98179,50000
317,3,75,92314,50000
281,3,39,84996,50000
1539,13,87,98172,50000
2243,19,65,99566,50000
2706,23,44,91794,50000
2347,20,48,101709,50000
674,6,69,91860,50000
719,6,114,87397,50000
559,5,75,83321,50000
1499,13,47,71716,50000
2134,18,77,67606,50000
1075,9,107,74780,50000
420,4,57,66872,50000
602,5,118,75051,50000
965,8,118,72307,50000
907,8,60,58917,50000
2833,24,50,66361,50000
75,1,75,66663,50000
808,7,82,74445,50000
1670,14,97,79308,50000
2053,17,117,64346,50000
2586,22,45,79906,50000
2823,24,40,86644,50000
2499,21,79,59101,50000
73,1,73,52223,50000
401,4,38,52742,50000
2673,23,11,54644,50000
11,1,11,54082,50000
361,3,119,50748,50000
1601,14,28,55636,50000
892,8,45,59773,50000
1044,9,76,60380,50000
2408,20,109,57469,50000
2491,21,71,59950,50000
2781,23,119,55585,50000
2793,24,10,59472,50000
557,5,73,59128,50000
1971,17,35,58996,50000
680,6,75,53428,50000
764,7,38,57830,50000
844,7,118,64043,50000
920,8,73,50387,50000
2927,25,23,54611,50000
1727,15,33,51854,50000
2453,21,33,61650,50000
2665,23,3,50242,50000
2925,25,21,55647,50000
355,3,113,58911,50000
2436,21,16,50993,50000
906,8,59,54952,50000
1203,10,114,59737,50000
2676,23,14,64261,50000
1340,12,9,64569,50000
636,6,31,55811,50000
2320,20,21,60084,50000
2827,24,44,57129,50000
775,7,49,67326,50000
1713,15,19,70343,50000
1179,10,90,59955,50000
1421,12,90,60320,50000
446,4,83,55802,50000
1020,9,52,61107,50000
2370,20,71,63571,50000
1817,16,2,53570,50000
722,6,117,56951,50000
2962,25,58,66636,50000
335,3,93,71812,50000
785,7,59,58618,50000
1119,10,30,64854,50000
1142,10,53,62897,50000
1167,10,78,61532,50000
1352,12,21,50761,50000
1479,13,27,52490,50000
2900,24,117,58226,50000
2343,20,44,55346,50000
1341,12,10,73618,50000
616,6,11,74181,50000
1593,14,20,73243,50000
2640,22,99,72905,50000
910,8,63,75094,50000
1212,11,2,56120,50000
1227,11,17,86778,50000
1306,11,96,63931,50000
1353,12,22,76485,50000
1599,14,26,63455,50000
3003,25,99,66192,50000
2931,25,27,74556,50000
1667,14,94,81102,50000
2302,20,3,86705,50000
2480,21,60,73517,50000
3009,25,105,71797,50000
60,1,60,79043,50000
2445,21,25,81827,50000
1389,12,58,64016,50000
2632,22,91,62506,50000
3005,25,101,74082,50000
422,4,59,72680,50000
1391,12,60,65188,50000
1407,12,76,84347,50000
1531,13,79,75994,50000
2711,23,49,75691,50000
373,4,10,74252,50000
794,7,68,79300,50000
983,9,15,77602,50000
3001,25,97,68275,50000
2030,17,94,64171,50000
608,6,3,79141,50000
2865,24,82,81752,50000
2850,24,67,63420,50000
253,3,11,81157,50000
404,4,41,96987,50000
863,8,16,93643,50000
2783,23,121,94352,50000
2853,24,70,92113,50000
5,1,5,91440,50000
10,1,10,91957,50000
115,1,115,99513,50000
2759,23,97,86309,50000
267,3,25,90144,50000
274,3,32,96237,50000
2904,24,121,98560,50000
1032,9,64,91530,50000
1375,12,44,88412,50000
1625,14,52,86567,50000
961,8,114,96119,50000
841,7,115,92593,50000
2914,25,10,94184,50000
1358,12,27,96876,50000
2800,24,17,97779,50000
236,2,115,94656,50000
213,2,92,99875,50000
2555,22,14,99177,50000
2718,23,56,93560,50000
306,3,64,96513,50000
1554,13,102,97419,50000
277,3,35,94970,50000
1557,13,105,89788,50000
238,2,117,103582,50000
2091,18,34,96238,50000
2963,25,59,86687,50000
547,5,63,93226,50000
692,6,87,89649,50000
760,7,34,85499,50000
884,8,37,99783,50000
935,8,88,99147,50000
991,9,23,85777,50000
1047,9,79,97615,50000
954,8,107,91634,50000
1324,11,114,97165,50000
1277,11,67,97681,50000
1383,12,52,99807,50000
1425,12,94,98044,50000
1547,13,95,93099,50000
1641,14,68,85378,50000
1642,14,69,95549,50000
2125,18,68,96351,50000
1635,14,62,96276,50000
953,8,106,81955,50000
2985,25,81,99856,50000
784,7,58,88198,50000
2887,24,104,67397,50000
2976,25,72,84394,50000
2514,21,94,72987,50000
2120,18,63,65142,50000
526,5,42,80276,50000
607,6,2,71624,50000
772,7,46,66702,50000
732,7,6,66218,50000
1133,10,44,83614,50000
1265,11,55,70166,50000
1639,14,66,75686,50000
1242,11,32,68652,50000
1627,14,54,82360,50000
2771,23,109,57032,50000
2132,18,75,52552,50000
2579,22,38,58981,50000
1219,11,9,51778,50000
2965,25,61,50146,50000
1728,15,34,51014,50000
1707,15,13,65916,50000
2580,22,39,55412,50000
2485,21,65,61889,50000
209,2,88,70462,50000
292,3,50,63389,50000
2137,18,80,61868,50000
1132,10,43,64778,50000
1194,10,105,58511,50000
1483,13,31,59292,50000
2437,21,17,50613,50000
1102,10,13,55795,50000
1473,13,21,55748,50000
1162,10,73,64775,50000
2506,21,86,59344,50000
2591,22,50,60239,50000
30,1,30,53387,50000
2794,24,11,51051,50000
223,2,102,56895,50000
510,5,26,63711,50000
506,5,22,54888,50000
55,1,55,54090,50000
2444,21,24,68974,50000
1206,10,117,50758,50000
2318,20,19,60341,50000
1101,10,12,51751,50000
774,7,48,60743,50000
333,3,91,54258,50000
442,4,79,61315,50000
540,5,56,58557,50000
621,6,16,55130,50000
945,8,98,59696,50000
806,7,80,61448,50000
1085,9,117,64297,50000
963,8,116,50294,50000
1304,11,94,59881,50000
1387,12,56,53002,50000
1522,13,70,53753,50000
1535,13,83,55302,50000
1645,14,72,65793,50000
1678,14,105,58674,50000
1706,15,12,54616,50000
1656,14,83,61530,50000
925,8,78,64288,50000
2610,22,69,55478,50000
2420,20,121,69703,50000
2519,21,99,65626,50000
2528,21,108,55707,50000
2716,23,54,54191,50000
2798,24,15,56811,50000
2936,25,32,51734,50000
2831,24,48,51607,50000
375,4,12,54161,50000
180,2,59,64101,50000
191,2,70,54936,50000
1690,14,117,53377,50000
2161,18,104,54507,50000
2975,25,71,50792,50000
545,5,61,58172,50000
531,5,47,51403,50000
477,4,114,51305,50000
733,7,7,55590,50000
1007,9,39,52958,50000
2237,19,59,57355,50000
1095,10,6,61048,50000
423,4,60,84602,50000
534,5,50,74223,50000
614,6,9,68728,50000
881,8,34,71473,50000
1042,9,74,63818,50000
1719,15,25,67644,50000
1595,14,22,79899,50000
1457,13,5,80204,50000
2544,22,3,75439,50000
1018,9,50,67053,50000
2307,20,8,86007,50000
2261,19,83,63693,50000
2693,23,31,67507,50000
2628,22,87,57933,50000
2765,23,103,71508,50000
261,3,19,75460,50000
1532,13,80,62254,50000
834,7,108,74197,50000
587,5,103,93983,50000
751,7,25,91950,50000
1145,10,56,98831,50000
1099,10,10,89781,50000
445,4,82,89068,50000
2295,19,117,95031,50000
2650,22,109,94568,50000
1426,12,95,96402,50000
1592,14,19,91644,50000
2937,25,33,99353,50000
298,3,56,98836,50000
1115,10,26,95760,50000
1562,13,110,97359,50000
353,3,111,98869,50000
2538,21,118,91744,50000
2565,22,24,93867,50000
145,2,24,96874,50000
273,3,31,94213,50000
1585,14,12,93908,50000
690,6,85,97695,50000
885,8,38,95861,50000
997,9,29,91075,50000
1376,12,45,98311,50000
2849,24,66,86801,50000
567,5,83,93757,50000
2643,22,102,90294,50000
3008,25,104,94797,50000
2928,25,24,93753,50000
182,2,61,86690,50000
197,2,76,95294,50000
1755,15,61,98929,50000
695,6,90,92900,50000
48,1,48,83557,50000
2292,19,114,93044,50000
874,8,27,88943,50000
390,4,27,86842,50000
2594,22,53,103218,50000
348,3,106,90242,50000
432,4,69,94457,50000
632,6,27,89524,50000
742,7,16,98422,50000
789,7,63,90525,50000
859,8,12,100813,50000
937,8,90,94434,50000
840,7,114,90183,50000
886,8,39,95871,50000
923,8,76,94838,50000
301,3,59,94583,50000
788,7,62,64873,50000
2656,22,115,62035,50000
1232,11,22,74052,50000
2797,24,14,68737,50000
1660,14,87,67110,50000
467,4,104,64030,50000
35,1,35,71121,50000
130,2,9,74365,50000
287,3,45,79564,50000
1637,14,64,67992,50000
1082,9,114,78574,50000
1305,11,95,75055,50000
1110,10,21,81106,50000
2311,20,12,54984,50000
2096,18,39,64948,50000
2087,18,30,52484,50000
2398,20,99,54157,50000
2404,20,105,67342,50000
1729,15,35,75629,50000
1869,16,54,78725,50000
2254,19,76,78564,50000
2454,21,34,74623,50000
2100,18,43,70992,50000
2267,19,89,51289,50000
2207,19,29,51811,50000
2191,19,13,53500,50000
2231,19,53,52141,50000
2264,19,86,50437,50000
2321,20,22,53334,50000
2342,20,43,57854,50000
2236,19,58,65942,50000
2248,19,70,53994,50000
2333,20,34,50282,50000
2109,18,52,57002,50000
2211,19,33,54955,50000
2315,20,16,53917,50000
1233,11,23,55321,50000
1867,16,52,96259,50000
2229,19,51,98636,50000
2225,19,47,97002,50000
2428,21,8,99800,50000
2220,19,42,92095,50000
2338,20,39,96867,50000
2244,19,66,91640,50000
2297,19,119,97639,50000
1957,17,21,99330,50000
2257,19,79,96108,50000
2112,18,55,93753,50000
1917,16,102,85124,50000
2256,19,78,97205,50000
2310,20,11,88695,50000
2277,19,99,98648,50000
2571,22,30,92846,50000
1484,13,32,91887,50000
2780,23,118,92020,50000
934,8,87,65167,50000
231,2,110,94378,50000
2882,24,99,55753,50000
2852,24,69,91883,50000
2334,20,35,56050,50000
2232,19,54,53528,50000
2233,19,55,61979,50000
2262,19,84,53022,50000
2234,19,56,62297,50000
2260,19,82,56603,50000
2512,21,92,53263,50000
2330,20,31,56944,50000
2294,19,116,82605,50000
2522,21,102,63052,50000
2332,20,33,70405,50000
2241,19,63,64883,50000
2259,19,81,78095,50000
2279,19,101,78964,50000
2809,24,26,89257,50000
2293,19,115,86126,50000
2054,17,118,97071,50000
2208,19,30,96385,50000
2291,19,113,97433,50000
2249,19,71,97306,50000
2255,19,77,84700,50000
2258,19,80,88237,50000
2269,19,91,98550,50000
2270,19,92,91352,50000
2275,19,97,83377,50000
2119,18,62,98620,50000
258,3,16,91445,50000
2299,19,121,85543,50000
2631,22,90,55372,50000
1652,14,79,98137,50000
2919,25,15,50451,50000
49,1,49,85726,50000
58,1,58,96420,50000
312,3,70,88346,50000
2966,25,62,87957,50000
622,6,17,98561,50000
2981,25,77,96209,50000
539,5,55,66709,50000
895,8,48,95349,50000
815,7,89,72947,50000
1129,10,40,94520,50000
1246,11,36,99234,50000
964,8,117,92866,50000
1275,11,65,94903,50000
1333,12,2,99952,50000
1538,13,86,64212,50000
1409,12,78,103428,50000
1348,12,17,71191,50000
711,6,106,87946,50000
1261,11,51,98027,50000
1225,11,15,87988,50000
1629,14,56,97041,50000
2128,18,71,84760,50000
2450,21,30,99694,50000
2513,21,93,98724,50000
2228,19,50,97409,50000
2340,20,41,99647,50000
2611,22,70,77935,50000
2497,21,77,72980,50000
2529,21,109,71020,50000
2614,22,73,68806,50000
2350,20,51,96419,50000
2484,21,64,88516,50000
2309,20,10,95701,50000
2322,20,23,84521,50000
2325,20,26,95069,50000
2210,19,32,93861,50000
2271,19,93,85144,50000
2313,20,14,86977,50000
2353,20,54,92943,50000
2345,20,46,87185,50000
2348,20,49,86414,50000
2474,21,54,64748,50000
2355,20,56,96367,50000
2399,20,100,95770,50000
2470,21,50,96698,50000
2492,21,72,94438,50000
2532,21,112,51939,50000
2351,20,52,96326,50000
2458,21,38,56798,50000
2433,21,13,80485,50000
2545,22,4,67690,50000
2431,21,11,66110,50000
2141,18,84,67285,50000
2335,20,36,83037,50000
2434,21,14,66327,50000
2476,21,56,83087,50000
2346,20,47,54908,50000
2405,20,106,57691,50000
2419,20,120,58876,50000
2469,21,49,61975,50000
2489,21,69,53176,50000
2314,20,15,55360,50000
2457,21,37,52414,50000
2477,21,57,50166,50000
2425,21,5,50588,50000
2427,21,7,58855,50000
2490,21,70,55744,50000
2451,21,31,50601,50000
2326,20,27,51491,50000
2542,22,1,56501,50000
2452,21,32,60317,50000
2460,21,40,55510,50000
2461,21,41,53112,50000
2520,21,100,51628,50000
2581,22,40,57086,50000
2503,21,83,50486,50000
2472,21,52,55182,50000
2483,21,63,60438,50000
2430,21,10,56620,50000
2505,21,85,85026,50000
2547,22,6,91231,50000
2432,21,12,51273,50000
2467,21,47,58875,50000
2463,21,43,63625,50000
2495,21,75,72955,50000
1614,14,41,85020,50000
2487,21,67,98958,50000
2543,22,2,97511,50000
2548,22,7,60067,50000
393,4,30,99970,50000
3007,25,103,64787,50000
2317,20,18,96543,50000
192,2,71,54207,50000
290,3,48,67733,50000
2671,23,9,50724,50000
1069,9,101,90906,50000
543,5,59,54152,50000
726,6,121,50152,50000
1078,9,110,94414,50000
429,4,66,90257,50000
861,8,14,93849,50000
1321,11,111,52102,50000
1332,12,1,59188,50000
1051,9,83,66742,50000
1146,10,57,82668,50000
1205,10,116,73222,50000
1215,11,5,79302,50000
1237,11,27,64821,50000
1124,10,35,97074,50000
1151,10,62,90311,50000
1295,11,85,96546,50000
1260,11,50,55947,50000
1372,12,41,74578,50000
1412,12,81,76222,50000
1565,13,113,72823,50000
1283,11,73,65906,50000
1316,11,106,83787,50000
1609,14,36,93194,50000
1270,11,60,99958,50000
1312,11,102,89081,50000
1673,14,100,59437,50000
1367,12,36,69232,50000
740,7,14,62049,50000
1573,13,121,94467,50000
1590,14,17,95491,50000
1591,14,18,88869,50000
1459,13,7,84312,50000
1432,12,101,93800,50000
1171,10,82,51918,50000
974,9,6,52780,50000
1198,10,109,56388,50000
1393,12,62,50398,50000
1381,12,50,52655,50000
1337,12,6,54221,50000
1388,12,57,50780,50000
1435,12,104,57202,50000
1378,12,47,80526,50000
1403,12,72,64454,50000
1405,12,74,72377,50000
1410,12,79,76550,50000
1327,11,117,68961,50000
1331,11,121,88266,50000
1365,12,34,83920,50000
1577,14,4,71274,50000
1602,14,29,68694,50000
1294,11,84,85416,50000
1298,11,88,85399,50000
1303,11,93,93767,50000
1392,12,61,87552,50000
1398,12,67,85516,50000
1287,11,77,98730,50000
1370,12,39,89686,50000
1536,13,84,98498,50000
1542,13,90,93073,50000
